{
    "CLAIM_TARGET_BALANCE": 100,
    "BALANCE_INCREASE_RATE": 0.20987908464917432,
    "ETCPOW_INCREMENT": 0.0007497076140305281
}