{
    "CLAIM_TARGET_BALANCE": 100,
    "BALANCE_INCREASE_RATE": 0.07710144927536232,
    "ETCPOW_INCREMENT": 0.0002003623188405797
}