{
    "CLAIM_TARGET_BALANCE": 100,
    "BALANCE_INCREASE_RATE": 0.01887323943661972,
    "ETCPOW_INCREMENT": 0.00021169014084507044
}