{
    "CLAIM_TARGET_BALANCE": 10,
    "BALANCE_INCREASE_RATE": 0.07710144927536232,
    "ETCPOW_INCREMENT": 0.0002753623188405797
}