{
    "CLAIM_TARGET_BALANCE": 100,
    "BALANCE_INCREASE_RATE": 0.20338351462908294,
    "ETCPOW_INCREMENT": 0.0007265048336788267
}