{
    "CLAIM_TARGET_BALANCE": 100,
    "BALANCE_INCREASE_RATE": 0.2986312853023849,
    "ETCPOW_INCREMENT": 0.0010667387307942582
}